1901,Chemistry,Jacobus H. van 't Hoff,1852-08-30
1901,Literature,Sully Prudhomme,1839-03-16
1901,Medicine,Emil von Behring,1854-03-15
1901,Peace,Frédéric Passy,1822-05-20
1901,Peace,Henry Dunant,1828-05-08
1901,Physics,Wilhelm Conrad Röntgen,1845-03-27
1902,Chemistry,Emil Fischer,1852-10-09
1902,Literature,Theodor Mommsen,1817-11-30
1902,Medicine,Ronald Ross,1857-05-13
1902,Peace,Albert Gobat,1843-05-21
1902,Peace,Élie Ducommun,1833-02-19
1902,Physics,Hendrik A. Lorentz,1853-07-18
1902,Physics,Pieter Zeeman,1865-05-25
1903,Chemistry,Svante Arrhenius,1859-02-19
1903,Literature,Bjørnstjerne Bjørnson,1832-12-08
1903,Medicine,Niels Ryberg Finsen,1860-12-15
1903,Peace,Randal Cremer,1828-03-18
1903,Physics,Henri Becquerel,1852-12-15
1903,Physics,Marie Curie,1867-11-07
1903,Physics,Pierre Curie,1859-05-15
1904,Chemistry,Sir William Ramsay,1852-10-02
1904,Literature,Frédéric Mistral,1830-09-08
1904,Literature,José Echegaray,1832-04-19
1904,Medicine,Ivan Pavlov,1849-09-14
1904,Peace,Institute of International Law,
1904,Physics,Lord Rayleigh,1842-11-12
1905,Chemistry,Adolf von Baeyer,1835-10-31
1905,Literature,Henryk Sienkiewicz,1846-05-05
1905,Medicine,Robert Koch,1843-12-11
1905,Peace,Bertha von Suttner,1843-06-09
1905,Physics,Philipp Lenard,1862-06-07
1906,Chemistry,Henri Moissan,1852-09-28
1906,Literature,Giosuè Carducci,1835-07-27
1906,Medicine,Camillo Golgi,1843-07-07
1906,Medicine,Santiago Ramón y Cajal,1852-05-01
1906,Peace,Theodore Roosevelt,1858-10-27
1906,Physics,J.J. Thomson,1856-12-18
1907,Chemistry,Eduard Buchner,1860-05-20
1907,Literature,Rudyard Kipling,1865-12-30
1907,Medicine,Alphonse Laveran,1845-06-18
1907,Peace,Ernesto Teodoro Moneta,1833-09-20
1907,Peace,Louis Renault,1843-05-21
1907,Physics,Albert A. Michelson,1852-12-19
1908,Chemistry,Ernest Rutherford,1871-08-30
1908,Literature,Rudolf Eucken,1846-01-05
1908,Medicine,Ilya Mechnikov,1845-05-15
1908,Medicine,Paul Ehrlich,1854-03-14
1908,Peace,Fredrik Bajer,1837-04-21
1908,Peace,Klas Pontus Arnoldson,1844-10-27
1908,Physics,Gabriel Lippmann,1845-08-16
1909,Chemistry,Wilhelm Ostwald,1853-09-02
1909,Literature,Selma Lagerlöf,1858-11-20
1909,Medicine,Theodor Kocher,1841-08-25
1909,Peace,Auguste Beernaert,1829-07-26
1909,Peace,Paul Henri d'Estournelles de Constant,1852-11-22
1909,Physics,Ferdinand Braun,1850-06-06
1909,Physics,Guglielmo Marconi,1874-04-25
1910,Chemistry,Otto Wallach,1847-03-27
1910,Literature,Paul Heyse,1830-03-15
1910,Medicine,Albrecht Kossel,1853-09-16
1910,Peace,Permanent International Peace Bureau,
1910,Physics,Johannes Diderik van der Waals,1837-11-23
1911,Chemistry,Marie Curie,1867-11-07
1911,Literature,Maurice Maeterlinck,1862-08-29
1911,Medicine,Allvar Gullstrand,1862-06-05
1911,Peace,Alfred Fried,1864-11-11
1911,Peace,Tobias Asser,1838-04-28
1911,Physics,Wilhelm Wien,1864-01-13
1912,Chemistry,Paul Sabatier,1854-11-05
1912,Chemistry,Victor Grignard,1871-05-06
1912,Literature,Gerhart Hauptmann,1862-11-15
1912,Medicine,Alexis Carrel,1873-06-28
1912,Peace,Elihu Root,1845-02-15
1912,Physics,Gustaf Dalén,1869-11-30
1913,Chemistry,Alfred Werner,1866-12-12
1913,Literature,Rabindranath Tagore,1861-05-07
1913,Medicine,Charles Richet,1850-08-26
1913,Peace,Henri La Fontaine,1854-04-22
1913,Physics,Heike Kamerlingh Onnes,1853-09-21
1914,Chemistry,Theodore W. Richards,1868-01-31
1914,Medicine,Robert Bárány,1876-04-22
1914,Physics,Max von Laue,1879-10-09
1915,Chemistry,Richard Willstätter,1872-08-13
1915,Literature,Romain Rolland,1866-01-29
1915,Physics,Lawrence Bragg,1890-03-31
1915,Physics,William Bragg,1862-07-02
1916,Literature,Verner von Heidenstam,1859-07-06
1917,Literature,Henrik Pontoppidan,1857-07-24
1917,Literature,Karl Gjellerup,1857-06-02
1917,Peace,International Committee of the Red Cross,
1917,Physics,Charles Glover Barkla,1877-06-07
1918,Chemistry,Fritz Haber,1868-12-09
1918,Physics,Max Planck,1858-04-23
1919,Literature,Carl Spitteler,1845-04-24
1919,Medicine,Jules Bordet,1870-06-13
1919,Peace,Woodrow Wilson,1856-12-28
1919,Physics,Johannes Stark,1874-04-15
1920,Chemistry,Walther Nernst,1864-06-25
1920,Literature,Knut Hamsun,1859-08-04
1920,Medicine,August Krogh,1874-11-15
1920,Peace,Léon Bourgeois,1851-05-21
1920,Physics,Charles Edouard Guillaume,1861-02-15
1921,Chemistry,Frederick Soddy,1877-09-02
1921,Literature,Anatole France,1844-04-16
1921,Peace,Christian Lange,1869-09-17
1921,Peace,Hjalmar Branting,1860-11-23
1921,Physics,Albert Einstein,1879-03-14
1922,Chemistry,Francis W. Aston,1877-09-01
1922,Literature,Jacinto Benavente,1866-08-12
1922,Medicine,Archibald V. Hill,1886-09-26
1922,Medicine,Otto Meyerhof,1884-04-12
1922,Peace,Fridtjof Nansen,1861-10-10
1922,Physics,Niels Bohr,1885-10-07
1923,Chemistry,Fritz Pregl,1869-09-03
1923,Literature,William Butler Yeats,1865-06-13
1923,Medicine,Frederick G. Banting,1891-11-14
1923,Medicine,John Macleod,1876-09-06
1923,Physics,Robert A. Millikan,1868-03-22
1924,Literature,Władysław Reymont,1867-05-07
1924,Medicine,Willem Einthoven,1860-05-21
1924,Physics,Manne Siegbahn,1886-12-03
1925,Chemistry,Richard Zsigmondy,1865-04-01
1925,Literature,George Bernard Shaw,1856-07-26
1925,Peace,Charles G. Dawes,1865-08-27
1925,Peace,Sir Austen Chamberlain,1863-10-16
1925,Physics,Gustav Hertz,1887-07-22
1925,Physics,James Franck,1882-08-26
1926,Chemistry,The Svedberg,1884-08-30
1926,Literature,Grazia Deledda,1871-09-27
1926,Medicine,Johannes Fibiger,1867-04-23
1926,Peace,Aristide Briand,1862-03-28
1926,Peace,Gustav Stresemann,1878-05-10
1926,Physics,Jean Baptiste Perrin,1870-09-30
1927,Chemistry,Heinrich Wieland,1877-06-04
1927,Literature,Henri Bergson,1859-10-18
1927,Medicine,Julius Wagner-Jauregg,1857-03-07
1927,Peace,Ferdinand Buisson,1841-12-20
1927,Peace,Ludwig Quidde,1858-03-23
1927,Physics,Arthur H. Compton,1892-09-10
1927,Physics,C.T.R. Wilson,1869-02-14
1928,Chemistry,Adolf Windaus,1876-12-25
1928,Literature,Sigrid Undset,1882-05-20
1928,Medicine,Charles Nicolle,1866-09-21
1928,Physics,Owen Willans Richardson,1879-04-26
1929,Chemistry,Arthur Harden,1865-10-12
1929,Chemistry,Hans von Euler-Chelpin,1873-02-15
1929,Literature,Thomas Mann,1875-06-06
1929,Medicine,Christiaan Eijkman,1858-08-11
1929,Medicine,Sir Frederick Hopkins,1861-06-20
1929,Peace,Frank B. Kellogg,1856-12-22
1929,Physics,Louis de Broglie,1892-08-15
1930,Chemistry,Hans Fischer,1881-07-27
1930,Literature,Sinclair Lewis,1885-02-07
1930,Medicine,Karl Landsteiner,1868-06-14
1930,Peace,Nathan Söderblom,1866-01-15
1930,Physics,Sir Chandrasekhara Venkata Raman,1888-11-07
1931,Chemistry,Carl Bosch,1874-08-27
1931,Chemistry,Friedrich Bergius,1884-10-11
1931,Literature,Erik Axel Karlfeldt,1864-07-20
1931,Medicine,Otto Warburg,1883-10-08
1931,Peace,Jane Addams,1860-09-06
1931,Peace,Nicholas Murray Butler,1862-04-02
1932,Chemistry,Irving Langmuir,1881-01-31
1932,Literature,John Galsworthy,1867-08-14
1932,Medicine,Edgar Adrian,1889-11-30
1932,Medicine,Sir Charles Sherrington,1857-11-27
1932,Physics,Werner Heisenberg,1901-12-05
1933,Literature,Ivan Bunin,1870-10-22
1933,Medicine,Thomas H. Morgan,1866-09-25
1933,Peace,Sir Norman Angell,1872-12-26
1933,Physics,Erwin Schrödinger,1887-08-12
1933,Physics,Paul A.M. Dirac,1902-08-08
1934,Chemistry,Harold C. Urey,1893-04-29
1934,Literature,Luigi Pirandello,1867-06-28
1934,Medicine,George H. Whipple,1878-08-28
1934,Medicine,George R. Minot,1885-12-02
1934,Medicine,William P. Murphy,1892-02-06
1934,Peace,Arthur Henderson,1863-09-13
1935,Chemistry,Frédéric Joliot,1900-03-19
1935,Chemistry,Irène Joliot-Curie,1897-09-12
1935,Medicine,Hans Spemann,1869-06-27
1935,Peace,Carl von Ossietzky,1889-10-03
1935,Physics,James Chadwick,1891-10-20
1936,Chemistry,Peter Debye,1884-03-24
1936,Literature,Eugene O'Neill,1888-10-16
1936,Medicine,Otto Loewi,1873-06-03
1936,Medicine,Sir Henry Dale,1875-06-09
1936,Peace,Carlos Saavedra Lamas,1878-11-01
1936,Physics,Carl D. Anderson,1905-09-03
1936,Physics,Victor F. Hess,1883-06-24
1937,Chemistry,Norman Haworth,1883-03-19
1937,Chemistry,Paul Karrer,1889-04-21
1937,Literature,Roger Martin du Gard,1881-03-23
1937,Medicine,Albert Szent-Györgyi,1893-09-16
1937,Peace,Robert Cecil,1864-09-14
1937,Physics,Clinton Davisson,1881-10-22
1937,Physics,George Paget Thomson,1892-05-03
1938,Chemistry,Richard Kuhn,1900-12-03
1938,Literature,Pearl Buck,1892-06-26
1938,Medicine,Corneille Heymans,1892-03-28
1938,Peace,Nansen International Office for Refugees,
1938,Physics,Enrico Fermi,1901-09-29
1939,Chemistry,Adolf Butenandt,1903-03-24
1939,Chemistry,Leopold Ruzicka,1887-09-13
1939,Literature,Frans Eemil Sillanpää,1888-09-16
1939,Medicine,Gerhard Domagk,1895-10-30
1939,Physics,Ernest Lawrence,1901-08-08
1943,Chemistry,George de Hevesy,1885-08-01
1943,Medicine,Edward A. Doisy,1893-11-13
1943,Medicine,Henrik Dam,1895-02-21
1943,Physics,Otto Stern,1888-02-17
1944,Chemistry,Otto Hahn,1879-03-08
1944,Literature,Johannes V. Jensen,1873-01-20
1944,Medicine,Herbert S. Gasser,1888-07-05
1944,Medicine,Joseph Erlanger,1874-01-05
1944,Peace,International Committee of the Red Cross,
1944,Physics,Isidor Isaac Rabi,1898-07-29
1945,Chemistry,Artturi Virtanen,1895-01-15
1945,Literature,Gabriela Mistral,1889-04-07
1945,Medicine,Ernst B. Chain,1906-06-19
1945,Medicine,Sir Alexander Fleming,1881-08-06
1945,Medicine,Sir Howard Florey,1898-09-24
1945,Peace,Cordell Hull,1871-10-02
1945,Physics,Wolfgang Pauli,1900-04-25
1946,Chemistry,James B. Sumner,1887-11-19
1946,Chemistry,John H. Northrop,1891-07-05
1946,Chemistry,Wendell M. Stanley,1904-08-16
1946,Literature,Hermann Hesse,1877-07-02
1946,Medicine,Hermann J. Muller,1890-12-21
1946,Peace,Emily Greene Balch,1867-01-08
1946,Peace,John R. Mott,1865-05-25
1946,Physics,Percy W. Bridgman,1882-04-21
1947,Chemistry,Sir Robert Robinson,1886-09-13
1947,Literature,André Gide,1869-11-22
1947,Medicine,Bernardo Houssay,1887-04-10
1947,Medicine,Carl Cori,1896-12-05
1947,Medicine,Gerty Cori,1896-08-15
1947,Peace,American Friends Service Committee,
1947,Peace,Friends Service Council,
1947,Physics,Edward V. Appleton,1892-09-06
1948,Chemistry,Arne Tiselius,1902-08-10
1948,Literature,T.S. Eliot,1888-09-26
1948,Medicine,Paul Müller,1899-01-12
1948,Physics,Patrick M.S. Blackett,1897-11-18
1949,Chemistry,William F. Giauque,1895-05-12
1949,Literature,William Faulkner,1897-09-25
1949,Medicine,Egas Moniz,1874-11-29
1949,Medicine,Walter Hess,1881-03-17
1949,Peace,John Boyd Orr,1880-09-23
1949,Physics,Hideki Yukawa,1907-01-23
1950,Chemistry,Kurt Alder,1902-07-10
1950,Chemistry,Otto Diels,1876-01-23
1950,Literature,Bertrand Russell,1872-05-18
1950,Medicine,Edward C. Kendall,1886-03-08
1950,Medicine,Philip S. Hench,1896-02-28
1950,Medicine,Tadeus Reichstein,1897-07-20
1950,Peace,Ralph Bunche,1904-08-07
1950,Physics,Cecil Powell,1903-12-05
1951,Chemistry,Edwin M. McMillan,1907-09-18
1951,Chemistry,Glenn T. Seaborg,1912-04-19
1951,Literature,Pär Lagerkvist,1891-05-23
1951,Medicine,Max Theiler,1899-01-30
1951,Peace,Léon Jouhaux,1879-07-01
1951,Physics,Ernest T.S. Walton,1903-10-06
1951,Physics,John Cockcroft,1897-05-27
1952,Chemistry,Archer J.P. Martin,1910-03-01
1952,Chemistry,Richard L.M. Synge,1914-10-28
1952,Literature,François Mauriac,1885-10-11
1952,Medicine,Selman A. Waksman,1888-07-22
1952,Peace,Albert Schweitzer,1875-01-14
1952,Physics,E. M. Purcell,1912-08-30
1952,Physics,Felix Bloch,1905-10-23
1953,Chemistry,Hermann Staudinger,1881-03-23
1953,Literature,Winston Churchill,1874-11-30
1953,Medicine,Fritz Lipmann,1899-06-12
1953,Medicine,Hans Krebs,1900-08-25
1953,Peace,George C. Marshall,1880-12-31
1953,Physics,Frits Zernike,1888-07-16
1954,Chemistry,Linus Pauling,1901-02-28
1954,Literature,Ernest Hemingway,1899-07-21
1954,Medicine,Frederick C. Robbins,1916-08-25
1954,Medicine,John F. Enders,1897-02-10
1954,Medicine,Thomas H. Weller,1915-06-15
1954,Peace,Office of the United Nations High Commissioner for Refugees,1950-12-14
1954,Physics,Max Born,1882-12-11
1954,Physics,Walther Bothe,1891-01-08
1955,Chemistry,Vincent du Vigneaud,1901-05-18
1955,Literature,Halldór Laxness,1902-04-23
1955,Medicine,Hugo Theorell,1903-07-06
1955,Physics,Polykarp Kusch,1911-01-26
1955,Physics,Willis E. Lamb,1913-07-12
1956,Chemistry,Nikolay Semenov,1896-04-03
1956,Chemistry,Sir Cyril Hinshelwood,1897-05-19
1956,Literature,Juan Ramón Jiménez,1881-12-24
1956,Medicine,André F. Cournand,1895-09-24
1956,Medicine,Dickinson W. Richards,1895-10-30
1956,Medicine,Werner Forssmann,1904-08-29
1956,Physics,John Bardeen,1908-05-23
1956,Physics,Walter H. Brattain,1902-02-10
1956,Physics,William B. Shockley,1910-02-13
1957,Chemistry,Lord Todd,1907-10-02
1957,Literature,Albert Camus,1913-11-07
1957,Medicine,Daniel Bovet,1907-03-23
1957,Peace,Lester Bowles Pearson,1897-04-23
1957,Physics,Chen Ning Yang,1922-09-22
1957,Physics,Tsung-Dao Lee,1926-11-24
1958,Chemistry,Frederick Sanger,1918-08-13
1958,Literature,Boris Pasternak,1890-02-10
1958,Medicine,Edward Tatum,1909-12-14
1958,Medicine,George Beadle,1903-10-22
1958,Medicine,Joshua Lederberg,1925-05-23
1958,Peace,Georges Pire,1910-02-10
1958,Physics,Igor Y. Tamm,1895-07-08
1958,Physics,Il´ja M. Frank,1908-10-23
1958,Physics,Pavel A. Cherenkov,1904-07-28
1959,Chemistry,Jaroslav Heyrovsky,1890-12-20
1959,Literature,Salvatore Quasimodo,1901-08-20
1959,Medicine,Arthur Kornberg,1918-03-03
1959,Medicine,Severo Ochoa,1905-09-24
1959,Peace,Philip Noel-Baker,1889-11-01
1959,Physics,Emilio Segrè,1905-02-01
1959,Physics,Owen Chamberlain,1920-07-10
1960,Chemistry,Willard F. Libby,1908-12-17
1960,Literature,Saint-John Perse,1887-05-31
1960,Medicine,Peter Medawar,1915-02-28
1960,Medicine,Sir Frank Macfarlane Burnet,1899-09-03
1960,Peace,Albert Lutuli,
1960,Physics,Donald A. Glaser,1926-09-21
1961,Chemistry,Melvin Calvin,1911-04-08
1961,Literature,Ivo Andric,1892-10-10
1961,Medicine,Georg von Békésy,1899-06-03
1961,Peace,Dag Hammarskjöld,1905-07-29
1961,Physics,Robert Hofstadter,1915-02-05
1961,Physics,Rudolf Mössbauer,1929-01-31
1962,Chemistry,John C. Kendrew,1917-03-24
1962,Chemistry,Max F. Perutz,1914-05-19
1962,Literature,John Steinbeck,1902-02-27
1962,Medicine,Francis Crick,1916-06-08
1962,Medicine,James Watson,1928-04-06
1962,Medicine,Maurice Wilkins,1916-12-15
1962,Peace,Linus Pauling,1901-02-28
1962,Physics,Lev Landau,1908-01-22
1963,Chemistry,Giulio Natta,1903-02-26
1963,Chemistry,Karl Ziegler,1898-11-26
1963,Literature,Giorgos Seferis,1900-03-13
1963,Medicine,Alan Hodgkin,1914-02-05
1963,Medicine,Andrew Huxley,1917-11-22
1963,Medicine,Sir John Eccles,1903-01-27
1963,Peace,International Committee of the Red Cross,
1963,Peace,League of Red Cross Societies,
1963,Physics,Eugene Wigner,1902-11-17
1963,Physics,J. Hans D. Jensen,1907-06-25
1963,Physics,Maria Goeppert Mayer,1906-06-28
1964,Chemistry,Dorothy Crowfoot Hodgkin,1910-05-12
1964,Literature,Jean-Paul Sartre,1905-06-21
1964,Medicine,Feodor Lynen,1911-04-06
1964,Medicine,Konrad Bloch,1912-01-21
1964,Peace,Martin Luther King Jr.,1929-01-15
1964,Physics,Aleksandr M. Prokhorov,1916-07-11
1964,Physics,Charles H. Townes,1915-07-28
1964,Physics,Nicolay G. Basov,1922-12-14
1965,Chemistry,Robert B. Woodward,1917-04-10
1965,Literature,Mikhail Sholokhov,1905-05-24
1965,Medicine,André Lwoff,1902-05-08
1965,Medicine,François Jacob,1920-06-17
1965,Medicine,Jacques Monod,1910-02-09
1965,Peace,United Nations Children's Fund,
1965,Physics,Julian Schwinger,1918-02-12
1965,Physics,Richard P. Feynman,1918-05-11
1965,Physics,Sin-Itiro Tomonaga,1906-03-31
1966,Chemistry,Robert S. Mulliken,1896-06-07
1966,Literature,Nelly Sachs,1891-12-10
1966,Literature,Shmuel Agnon,1888-07-17
1966,Medicine,Charles B. Huggins,1901-09-22
1966,Medicine,Peyton Rous,1879-10-05
1966,Physics,Alfred Kastler,1902-05-03
1967,Chemistry,George Porter,1920-12-06
1967,Chemistry,Manfred Eigen,1927-05-09
1967,Chemistry,Ronald G.W. Norrish,1897-11-09
1967,Literature,Miguel Angel Asturias,1899-10-19
1967,Medicine,George Wald,1906-11-18
1967,Medicine,Keffer Hartline,1903-12-22
1967,Medicine,Ragnar Granit,1900-10-30
1967,Physics,Hans Bethe,1906-07-02
1968,Chemistry,Lars Onsager,1903-11-27
1968,Literature,Yasunari Kawabata,1899-06-11
1968,Medicine,H. Gobind Khorana,1922-01-09
1968,Medicine,Marshall W. Nirenberg,1927-04-10
1968,Medicine,Robert W. Holley,1922-01-28
1968,Peace,René Cassin,1887-10-05
1968,Physics,Luis Alvarez,1911-06-13
1969,Chemistry,Derek Barton,1918-09-08
1969,Chemistry,Odd Hassel,1897-05-17
1969,Economics,Jan Tinbergen,1903-04-12
1969,Economics,Ragnar Frisch,1895-03-03
1969,Literature,Samuel Beckett,1906-04-13
1969,Medicine,Alfred D. Hershey,1908-12-04
1969,Medicine,Max Delbrück,1906-09-04
1969,Medicine,Salvador E. Luria,1912-08-13
1969,Peace,International Labour Organization,
1969,Physics,Murray Gell-Mann,1929-09-15
1970,Chemistry,Luis Leloir,1906-09-06
1970,Economics,Paul A. Samuelson,1915-05-15
1970,Literature,Alexandr Solzhenitsyn,1918-12-11
1970,Medicine,Julius Axelrod,1912-05-30
1970,Medicine,Sir Bernard Katz,1911-03-26
1970,Medicine,Ulf von Euler,1905-02-07
1970,Peace,Norman Borlaug,1914-03-25
1970,Physics,Hannes Alfvén,1908-05-30
1970,Physics,Louis Néel,1904-11-22
1971,Chemistry,Gerhard Herzberg,1904-12-25
1971,Economics,Simon Kuznets,1901-04-30
1971,Literature,Pablo Neruda,1904-07-12
1971,Medicine,Earl W. Sutherland Jr.,1915-11-19
1971,Peace,Willy Brandt,1913-12-18
1971,Physics,Dennis Gabor,1900-06-05
1972,Chemistry,Christian Anfinsen,1916-03-26
1972,Chemistry,Stanford Moore,1913-09-04
1972,Chemistry,William H. Stein,1911-06-25
1972,Economics,John R. Hicks,1904-04-08
1972,Economics,Kenneth J. Arrow,1921-08-23
1972,Literature,Heinrich Böll,1917-12-21
1972,Medicine,Gerald M. Edelman,1929-07-01
1972,Medicine,Rodney R. Porter,1917-10-08
1972,Physics,John Bardeen,1908-05-23
1972,Physics,Leon N. Cooper,1930-02-28
1972,Physics,Robert Schrieffer,1931-05-31
1973,Chemistry,Ernst Otto Fischer,1918-11-10
1973,Chemistry,Geoffrey Wilkinson,1921-07-14
1973,Economics,Wassily Leontief,1906-08-05
1973,Literature,Patrick White,1912-05-28
1973,Medicine,Karl von Frisch,1886-11-20
1973,Medicine,Konrad Lorenz,1903-11-07
1973,Medicine,Nikolaas Tinbergen,1907-04-15
1973,Peace,Henry Kissinger,1923-05-27
1973,Peace,Le Duc Tho,1911-10-14
1973,Physics,Brian D. Josephson,1940-01-04
1973,Physics,Ivar Giaever,1929-04-05
1973,Physics,Leo Esaki,1925-03-12
1974,Chemistry,Paul J. Flory,1910-06-19
1974,Economics,Friedrich von Hayek,1899-05-08
1974,Economics,Gunnar Myrdal,1898-12-06
1974,Literature,Eyvind Johnson,1900-07-29
1974,Literature,Harry Martinson,1904-05-06
1974,Medicine,Albert Claude,1898-08-24
1974,Medicine,Christian de Duve,1917-10-02
1974,Medicine,George E. Palade,1912-11-19
1974,Peace,Eisaku Sato,1901-03-27
1974,Peace,Seán MacBride,1904-01-26
1974,Physics,Antony Hewish,1924-05-11
1974,Physics,Martin Ryle,1918-09-27
1975,Chemistry,John Cornforth,1917-09-07
1975,Chemistry,Vladimir Prelog,1906-07-23
1975,Economics,Leonid Vitaliyevich Kantorovich,1912-01-19
1975,Economics,Tjalling C. Koopmans,1910-08-28
1975,Literature,Eugenio Montale,1896-10-12
1975,Medicine,David Baltimore,1938-03-07
1975,Medicine,Howard M. Temin,1934-12-10
1975,Medicine,Renato Dulbecco,1914-02-22
1975,Peace,Andrei Sakharov,1921-05-21
1975,Physics,Aage N. Bohr,1922-06-19
1975,Physics,Ben R. Mottelson,1926-07-09
1975,Physics,James Rainwater,1917-12-09
1976,Chemistry,William Lipscomb,1919-12-09
1976,Economics,Milton Friedman,1912-07-31
1976,Literature,Saul Bellow,1915-06-10
1976,Medicine,Baruch S. Blumberg,1925-07-28
1976,Medicine,D. Carleton Gajdusek,1923-09-09
1976,Peace,Betty Williams,1943-05-22
1976,Peace,Mairead Corrigan,1944-01-27
1976,Physics,Burton Richter,1931-03-22
1976,Physics,Samuel C.C. Ting,1936-01-27
1977,Chemistry,Ilya Prigogine,1917-01-25
1977,Economics,Bertil Ohlin,1899-04-23
1977,Economics,James E. Meade,1907-06-23
1977,Literature,Vicente Aleixandre,1898-04-26
1977,Medicine,Andrew V. Schally,1926-11-30
1977,Medicine,Roger Guillemin,1924-01-11
1977,Medicine,Rosalyn Yalow,1921-07-19
1977,Peace,Amnesty International,
1977,Physics,John H. Van Vleck,1899-03-13
1977,Physics,Philip W. Anderson,1923-12-13
1977,Physics,Sir Nevill F. Mott,1905-09-30
1978,Chemistry,Peter Mitchell,1920-09-29
1978,Economics,Herbert Simon,1916-06-15
1978,Literature,Isaac Bashevis Singer,1904-07-14
1978,Medicine,Daniel Nathans,1928-10-30
1978,Medicine,Hamilton O. Smith,1931-08-23
1978,Medicine,Werner Arber,1929-06-03
1978,Peace,Anwar al-Sadat,1918-12-25
1978,Peace,Menachem Begin,1913-08-16
1978,Physics,Arno Penzias,1933-04-26
1978,Physics,Pyotr Kapitsa,1894-07-09
1978,Physics,Robert Woodrow Wilson,1936-01-10
1979,Chemistry,Georg Wittig,1897-06-16
1979,Chemistry,Herbert C. Brown,1912-05-22
1979,Economics,Sir Arthur Lewis,1915-01-23
1979,Economics,Theodore W. Schultz,1902-04-30
1979,Literature,Odysseus Elytis,1911-11-02
1979,Medicine,Allan M. Cormack,1924-02-23
1979,Medicine,Godfrey N. Hounsfield,1919-08-28
1979,Peace,Anjezë Gonxhe Bojaxhiu,1910-08-26
1979,Physics,Abdus Salam,1926-01-29
1979,Physics,Sheldon Glashow,1932-12-05
1979,Physics,Steven Weinberg,1933-05-03
1980,Chemistry,Frederick Sanger,1918-08-13
1980,Chemistry,Paul Berg,1926-06-30
1980,Chemistry,Walter Gilbert,1932-03-21
1980,Economics,Lawrence R. Klein,1920-09-14
1980,Literature,Czesław Miłosz,1911-06-30
1980,Medicine,Baruj Benacerraf,1920-10-29
1980,Medicine,George D. Snell,1903-12-19
1980,Medicine,Jean Dausset,1916-10-19
1980,Peace,Adolfo Pérez Esquivel,1931-11-26
1980,Physics,James Cronin,1931-09-29
1980,Physics,Val Fitch,1923-03-10
1981,Chemistry,Kenichi Fukui,1918-10-04
1981,Chemistry,Roald Hoffmann,1937-07-18
1981,Economics,James Tobin,1918-03-05
1981,Literature,Elias Canetti,1905-07-25
1981,Medicine,David H. Hubel,1926-02-27
1981,Medicine,Roger W. Sperry,1913-08-20
1981,Medicine,Torsten N. Wiesel,1924-06-03
1981,Peace,Office of the United Nations High Commissioner for Refugees,1950-12-14
1981,Physics,Arthur L. Schawlow,1921-05-05
1981,Physics,Kai M. Siegbahn,1918-04-20
1981,Physics,Nicolaas Bloembergen,1920-03-11
1982,Chemistry,Aaron Klug,1926-08-11
1982,Economics,George J. Stigler,1911-01-17
1982,Literature,Gabriel García Márquez,1927-03-06
1982,Medicine,Bengt I. Samuelsson,1934-05-21
1982,Medicine,John R. Vane,1927-03-29
1982,Medicine,Sune K. Bergström,1916-01-10
1982,Peace,Alfonso García Robles,1911-03-20
1982,Peace,Alva Myrdal,1902-01-31
1982,Physics,Kenneth G. Wilson,1936-06-08
1983,Chemistry,Henry Taube,1915-11-30
1983,Economics,Gerard Debreu,1921-07-04
1983,Literature,William Golding,1911-09-19
1983,Medicine,Barbara McClintock,1902-06-16
1983,Peace,Lech Wałęsa,1943-09-29
1983,Physics,Subrahmanyan Chandrasekhar,1910-10-19
1983,Physics,William A. Fowler,1911-08-09
1984,Chemistry,Bruce Merrifield,1921-07-15
1984,Economics,Richard Stone,1913-08-30
1984,Literature,Jaroslav Seifert,1901-09-23
1984,Medicine,César Milstein,1927-10-08
1984,Medicine,Georges J.F. Köhler,1946-04-17
1984,Medicine,Niels K. Jerne,1911-12-23
1984,Peace,Desmond Tutu,1931-10-07
1984,Physics,Carlo Rubbia,1934-03-31
1984,Physics,Simon van der Meer,1925-11-24
1985,Chemistry,Herbert A. Hauptman,1917-02-14
1985,Chemistry,Jerome Karle,1918-06-18
1985,Economics,Franco Modigliani,1918-06-18
1985,Literature,Claude Simon,1913-10-10
1985,Medicine,Joseph L. Goldstein,1940-04-18
1985,Medicine,Michael S. Brown,1941-04-13
1985,Peace,International Physicians for the Prevention of Nuclear War,
1985,Physics,Klaus von Klitzing,1943-06-28
1986,Chemistry,Dudley R. Herschbach,1932-06-18
1986,Chemistry,John C. Polanyi,1929-01-23
1986,Chemistry,Yuan T. Lee,1936-11-19
1986,Economics,James M. Buchanan Jr.,1919-10-03
1986,Literature,Wole Soyinka,1934-07-13
1986,Medicine,Rita Levi-Montalcini,1909-04-22
1986,Medicine,Stanley Cohen,1922-11-17
1986,Peace,Elie Wiesel,1928-09-30
1986,Physics,Ernst Ruska,1906-12-25
1986,Physics,Gerd Binnig,1947-07-20
1986,Physics,Heinrich Rohrer,1933-06-06
1987,Chemistry,Charles J. Pedersen,1904-10-03
1987,Chemistry,Donald J. Cram,1919-04-22
1987,Chemistry,Jean-Marie Lehn,1939-09-30
1987,Economics,Robert M. Solow,1924-08-23
1987,Literature,Joseph Brodsky,1940-05-24
1987,Medicine,Susumu Tonegawa,1939-09-05
1987,Peace,Oscar Arias Sánchez,1940-09-13
1987,Physics,J. Georg Bednorz,1950-05-16
1987,Physics,K. Alex Müller,1927-04-20
1988,Chemistry,Hartmut Michel,1948-07-18
1988,Chemistry,Johann Deisenhofer,1943-09-30
1988,Chemistry,Robert Huber,1937-02-20
1988,Economics,Maurice Allais,1911-05-31
1988,Literature,Naguib Mahfouz,1911-12-11
1988,Medicine,George H. Hitchings,1905-04-18
1988,Medicine,Gertrude B. Elion,1918-01-23
1988,Medicine,Sir James W. Black,1924-06-14
1988,Peace,United Nations Peacekeeping Forces,
1988,Physics,Jack Steinberger,1921-05-25
1988,Physics,Leon M. Lederman,1922-07-15
1988,Physics,Melvin Schwartz,1932-11-02
1989,Chemistry,Sidney Altman,1939-05-07
1989,Chemistry,Thomas R. Cech,1947-12-08
1989,Economics,Trygve Haavelmo,1911-12-13
1989,Literature,Camilo José Cela,1916-05-11
1989,Medicine,Harold E. Varmus,1939-12-18
1989,Medicine,J. Michael Bishop,1936-02-22
1989,Peace,Lhamo Thondup,1935-07-06
1989,Physics,Hans G. Dehmelt,1922-09-09
1989,Physics,Norman F. Ramsey,1915-08-27
1989,Physics,Wolfgang Paul,1913-08-10
1990,Chemistry,Elias James Corey,1928-07-12
1990,Economics,Harry M. Markowitz,1927-08-24
1990,Economics,Merton H. Miller,1923-05-16
1990,Economics,William F. Sharpe,1934-06-16
1990,Literature,Octavio Paz,1914-03-31
1990,Medicine,E. Donnall Thomas,1920-03-15
1990,Medicine,Joseph E. Murray,1919-04-01
1990,Peace,Mikhail Gorbachev,1931-03-02
1990,Physics,Henry W. Kendall,1926-12-09
1990,Physics,Jerome I. Friedman,1930-03-28
1990,Physics,Richard E. Taylor,1929-11-02
1991,Chemistry,Richard R. Ernst,1933-08-14
1991,Economics,Ronald H. Coase,1910-12-29
1991,Literature,Nadine Gordimer,1923-11-20
1991,Medicine,Bert Sakmann,1942-06-12
1991,Medicine,Erwin Neher,1944-03-20
1991,Peace,Aung San Suu Kyi,1945-06-19
1991,Physics,Pierre-Gilles de Gennes,1932-10-24
1992,Chemistry,Rudolph A. Marcus,1923-07-21
1992,Economics,Gary Becker,1930-12-02
1992,Literature,Derek Walcott,1930-01-23
1992,Medicine,Edmond H. Fischer,1920-04-06
1992,Medicine,Edwin G. Krebs,1918-06-06
1992,Peace,Rigoberta Menchú Tum,1959-01-09
1992,Physics,Georges Charpak,1924-08-01
1993,Chemistry,Kary B. Mullis,1944-12-28
1993,Chemistry,Michael Smith,1932-04-26
1993,Economics,Douglass C. North,1920-11-05
1993,Economics,Robert W. Fogel,1927-07-01
1993,Literature,Toni Morrison,1931-02-18
1993,Medicine,Phillip A. Sharp,1944-06-06
1993,Medicine,Richard J. Roberts,1943-09-06
1993,Peace,F.W. de Klerk,1936-03-18
1993,Peace,Nelson Mandela,1918-07-18
1993,Physics,Joseph H. Taylor Jr.,1941-03-29
1993,Physics,Russell A. Hulse,1950-11-28
1994,Chemistry,George A. Olah,1927-05-22
1994,Economics,John C. Harsanyi,1920-05-29
1994,Economics,John F. Nash Jr.,1928-06-13
1994,Economics,Reinhard Selten,1930-10-05
1994,Literature,Kenzaburo Oe,1935-01-31
1994,Medicine,Alfred G. Gilman,1941-07-01
1994,Medicine,Martin Rodbell,1925-12-01
1994,Peace,Shimon Peres,1923-08-16
1994,Peace,Yasser Arafat,1929-08-24
1994,Peace,Yitzhak Rabin,1922-03-01
1994,Physics,Bertram N. Brockhouse,1918-07-15
1994,Physics,Clifford G. Shull,1915-09-23
1995,Chemistry,F. Sherwood Rowland,1927-06-28
1995,Chemistry,Mario J. Molina,1943-03-19
1995,Chemistry,Paul J. Crutzen,1933-12-03
1995,Economics,Robert E. Lucas Jr.,1937-09-15
1995,Literature,Seamus Heaney,1939-04-13
1995,Medicine,Christiane Nüsslein-Volhard,1942-10-20
1995,Medicine,Edward B. Lewis,1918-05-20
1995,Medicine,Eric F. Wieschaus,1947-06-08
1995,Peace,Joseph Rotblat,1908-11-04
1995,Peace,Pugwash Conferences on Science and World Affairs,
1995,Physics,Frederick Reines,1918-03-16
1995,Physics,Martin L. Perl,1927-06-24
1996,Chemistry,Richard E. Smalley,1943-06-06
1996,Chemistry,Robert F. Curl Jr.,1933-08-23
1996,Chemistry,Sir Harold Kroto,1939-10-07
1996,Economics,James A. Mirrlees,1936-07-05
1996,Economics,William Vickrey,1914-06-21
1996,Literature,Wisława Szymborska,1923-07-02
1996,Medicine,Peter C. Doherty,1940-10-15
1996,Medicine,Rolf M. Zinkernagel,1944-01-06
1996,Peace,Carlos Filipe Ximenes Belo,1948-02-03
1996,Peace,José Ramos-Horta,1949-12-26
1996,Physics,David M. Lee,1931-01-20
1996,Physics,Douglas D. Osheroff,1945-08-01
1996,Physics,Robert C. Richardson,1937-06-26
1997,Chemistry,Jens C. Skou,1918-10-08
1997,Chemistry,John E. Walker,1941-01-07
1997,Chemistry,Paul D. Boyer,1918-07-31
1997,Economics,Myron Scholes,1941-07-01
1997,Economics,Robert C. Merton,1944-07-31
1997,Literature,Dario Fo,1926-03-24
1997,Medicine,Stanley B. Prusiner,1942-05-28
1997,Peace,International Campaign to Ban Landmines,
1997,Peace,Jody Williams,1950-10-09
1997,Physics,Claude Cohen-Tannoudji,1933-04-01
1997,Physics,Steven Chu,1948-02-28
1997,Physics,William D. Phillips,1948-11-05
1998,Chemistry,John Pople,1925-10-31
1998,Chemistry,Walter Kohn,1923-03-09
1998,Economics,Amartya Sen,1933-11-03
1998,Literature,José Saramago,1922-11-16
1998,Medicine,Ferid Murad,1936-09-14
1998,Medicine,Louis J. Ignarro,1941-05-31
1998,Medicine,Robert F. Furchgott,1916-06-04
1998,Peace,David Trimble,1944-10-15
1998,Peace,John Hume,1937-01-18
1998,Physics,Daniel C. Tsui,1939-02-28
1998,Physics,Horst L. Störmer,1949-04-06
1998,Physics,Robert B. Laughlin,1950-11-01
1999,Chemistry,Ahmed Zewail,1946-02-26
1999,Economics,Robert Mundell,1932-10-24
1999,Literature,Günter Grass,1927-10-16
1999,Medicine,Günter Blobel,1936-05-21
1999,Peace,Doctors Without Borders,
1999,Physics,Gerardus 't Hooft,1946-07-05
1999,Physics,Martinus J.G. Veltman,1931-06-27
2000,Chemistry,Alan Heeger,1936-01-22
2000,Chemistry,Alan MacDiarmid,1927-04-14
2000,Chemistry,Hideki Shirakawa,1936-08-20
2000,Economics,Daniel L. McFadden,1937-07-29
2000,Economics,James J. Heckman,1944-04-19
2000,Literature,Xingjian Gao,1940-01-04
2000,Medicine,Arvid Carlsson,1923-01-25
2000,Medicine,Eric Kandel,1929-11-07
2000,Medicine,Paul Greengard,1925-12-11
2000,Peace,Kim Dae-jung,1925-12-03
2000,Physics,Herbert Kroemer,1928-08-25
2000,Physics,Jack Kilby,1923-11-08
2000,Physics,Zhores Alferov,1930-03-15
2001,Chemistry,Barry Sharpless,1941-04-28
2001,Chemistry,Ryoji Noyori,1938-09-03
2001,Chemistry,William Knowles,1917-06-01
2001,Economics,A. Michael Spence,
2001,Economics,George A. Akerlof,1940-06-17
2001,Economics,Joseph E. Stiglitz,1943-02-09
2001,Literature,V. S. Naipaul,1932-08-17
2001,Medicine,Leland Hartwell,1939-10-30
2001,Medicine,Sir Paul Nurse,1949-01-25
2001,Medicine,Tim Hunt,1943-02-19
2001,Peace,Kofi Annan,1938-04-08
2001,Peace,United Nations,
2001,Physics,Carl Wieman,1951-03-26
2001,Physics,Eric Cornell,1961-12-19
2001,Physics,Wolfgang Ketterle,1957-10-21
2002,Chemistry,John B. Fenn,1917-06-15
2002,Chemistry,Koichi Tanaka,1959-08-03
2002,Chemistry,Kurt Wüthrich,1938-10-04
2002,Economics,Daniel Kahneman,1934-03-05
2002,Economics,Vernon L. Smith,1927-01-01
2002,Literature,Imre Kertész,1929-11-09
2002,Medicine,H. Robert Horvitz,1947-05-08
2002,Medicine,John E. Sulston,1942-03-27
2002,Medicine,Sydney Brenner,1927-01-13
2002,Peace,Jimmy Carter,1924-10-01
2002,Physics,Masatoshi Koshiba,1926-09-19
2002,Physics,Raymond Davis Jr.,1914-10-14
2002,Physics,Riccardo Giacconi,1931-10-06
2003,Chemistry,Peter Agre,1949-01-30
2003,Chemistry,Roderick MacKinnon,1956-02-19
2003,Economics,Clive W.J. Granger,1934-09-04
2003,Economics,Robert F. Engle III,1942-11-10
2003,Literature,J. M. Coetzee,1940-02-09
2003,Medicine,Paul C. Lauterbur,1929-05-06
2003,Medicine,Sir Peter Mansfield,1933-10-09
2003,Peace,Shirin Ebadi,1947-06-21
2003,Physics,Alexei Abrikosov,1928-06-25
2003,Physics,Anthony J. Leggett,1938-03-26
2003,Physics,Vitaly L. Ginzburg,1916-10-04
2004,Chemistry,Aaron Ciechanover,1947-10-01
2004,Chemistry,Avram Hershko,1937-12-31
2004,Chemistry,Irwin Rose,1926-07-16
2004,Economics,Edward C. Prescott,1940-12-26
2004,Economics,Finn E. Kydland,1943-12-01
2004,Literature,Elfriede Jelinek,1946-10-20
2004,Medicine,Linda B. Buck,1947-01-29
2004,Medicine,Richard Axel,1946-07-02
2004,Peace,Wangari Maathai,1940-04-01
2004,Physics,David J. Gross,1941-02-19
2004,Physics,Frank Wilczek,1951-05-15
2004,Physics,H. David Politzer,1949-08-31
2005,Chemistry,Richard R. Schrock,1945-01-04
2005,Chemistry,Robert H. Grubbs,1942-02-27
2005,Chemistry,Yves Chauvin,1930-10-10
2005,Economics,Robert J. Aumann,1930-06-08
2005,Economics,Thomas C. Schelling,1921-04-14
2005,Literature,Harold Pinter,1930-10-10
2005,Medicine,Barry J. Marshall,1951-09-30
2005,Medicine,J. Robin Warren,1937-06-11
2005,Peace,International Atomic Energy Agency,
2005,Peace,Mohamed ElBaradei,1942-06-17
2005,Physics,John L. Hall,1934-08-21
2005,Physics,Roy J. Glauber,1925-09-01
2005,Physics,Theodor W. Hänsch,1941-10-30
2006,Chemistry,Roger D. Kornberg,1947-04-24
2006,Economics,Edmund S. Phelps,1933-07-26
2006,Literature,Orhan Pamuk,1952-06-07
2006,Medicine,Andrew Z. Fire,1959-04-27
2006,Medicine,Craig C. Mello,1960-10-18
2006,Peace,Grameen Bank,
2006,Peace,Muhammad Yunus,1940-06-28
2006,Physics,George F. Smoot,1945-02-20
2006,Physics,John C. Mather,1946-08-07
2007,Chemistry,Gerhard Ertl,1936-10-10
2007,Economics,Eric S. Maskin,1950-12-12
2007,Economics,Leonid Hurwicz,1917-08-21
2007,Economics,Roger B. Myerson,1951-03-29
2007,Literature,Doris Lessing,1919-10-22
2007,Medicine,Mario R. Capecchi,1937-10-06
2007,Medicine,Oliver Smithies,1925-06-23
2007,Medicine,Sir Martin J. Evans,1941-01-01
2007,Peace,Al Gore,1948-03-31
2007,Peace,Intergovernmental Panel on Climate Change,
2007,Physics,Albert Fert,1938-03-07
2007,Physics,Peter Grünberg,1939-05-18
2008,Chemistry,Martin Chalfie,1947-01-15
2008,Chemistry,Osamu Shimomura,1928-08-27
2008,Chemistry,Roger Y. Tsien,1952-02-01
2008,Economics,Paul Krugman,1953-02-28
2008,Literature,Jean-Marie Gustave Le Clézio,1940-04-13
2008,Medicine,Françoise Barré-Sinoussi,1947-07-30
2008,Medicine,Harald zur Hausen,1936-03-11
2008,Medicine,Luc Montagnier,1932-08-18
2008,Peace,Martti Ahtisaari,1937-06-23
2008,Physics,Makoto Kobayashi,1944-04-07
2008,Physics,Toshihide Maskawa,1940-02-07
2008,Physics,Yoichiro Nambu,1921-01-18
2009,Chemistry,Ada E. Yonath,1939-06-22
2009,Chemistry,Thomas A. Steitz,1940-08-23
2009,Chemistry,Venkatraman Ramakrishnan,
2009,Economics,Elinor Ostrom,1933-08-07
2009,Economics,Oliver E. Williamson,1932-09-27
2009,Literature,Herta Müller,1953-08-17
2009,Medicine,Carol W. Greider,1961-04-15
2009,Medicine,Elizabeth H. Blackburn,1948-11-26
2009,Medicine,Jack W. Szostak,1952-11-09
2009,Peace,Barack Obama,1961-08-04
2009,Physics,Charles K. Kao,1933-11-04
2009,Physics,George E. Smith,1930-05-10
2009,Physics,Willard S. Boyle,1924-08-19
2010,Chemistry,Akira Suzuki,1930-09-12
2010,Chemistry,Ei-ichi Negishi,1935-07-14
2010,Chemistry,Richard F. Heck,1931-08-15
2010,Economics,Christopher A. Pissarides,1948-02-20
2010,Economics,Dale T. Mortensen,1939-02-02
2010,Economics,Peter A. Diamond,1940-04-29
2010,Literature,Mario Vargas Llosa,1936-03-28
2010,Medicine,Robert G. Edwards,1925-09-27
2010,Peace,Xiaobo Liu,1955-12-28
2010,Physics,Andre Geim,1958-10-21
2010,Physics,Konstantin Novoselov,1974-08-23
2011,Chemistry,Dan Shechtman,1941-01-24
2011,Economics,Christopher A. Sims,1942-10-21
2011,Economics,Thomas J. Sargent,1943-07-19
2011,Literature,Tomas Tranströmer,1931-04-15
2011,Medicine,Bruce A. Beutler,1957-12-29
2011,Medicine,Jules A. Hoffmann,1941-08-02
2011,Medicine,Ralph M. Steinman,1943-01-14
2011,Peace,Ellen Johnson Sirleaf,1938-10-29
2011,Peace,Leymah Gbowee,1972-02-01
2011,Peace,Tawakkol Karman,1979-02-07
2011,Physics,Adam G. Riess,1969-12-16
2011,Physics,Brian P. Schmidt,1967-02-24
2011,Physics,Saul Perlmutter,
2012,Chemistry,Brian Kobilka,1955-05-30
2012,Chemistry,Robert J. Lefkowitz,1943-04-15
2012,Economics,Alvin E. Roth,1951-12-18
2012,Economics,Lloyd S. Shapley,1923-06-02
2012,Literature,Mo Yan,1956-03-25
2012,Medicine,Shinya Yamanaka,1962-09-04
2012,Medicine,Sir John B. Gurdon,1933-10-02
2012,Peace,European Union,
2012,Physics,David J. Wineland,1944-02-24
2012,Physics,Serge Haroche,1944-09-11
2013,Chemistry,Arieh Warshel,1940-11-20
2013,Chemistry,Martin Karplus,1930-03-15
2013,Chemistry,Michael Levitt,1947-05-09
2013,Economics,Eugene F. Fama,1939-02-14
2013,Economics,Lars Peter Hansen,1952-10-26
2013,Economics,Robert J. Shiller,1946-03-29
2013,Literature,Alice Munro,1931-07-10
2013,Medicine,James E. Rothman,1950-11-03
2013,Medicine,Randy W. Schekman,1948-12-30
2013,Medicine,Thomas C. Südhof,1955-12-22
2013,Peace,Organisation for the Prohibition of Chemical Weapons,
2013,Physics,François Englert,1932-11-06
2013,Physics,Peter Higgs,1929-05-29
2014,Chemistry,Eric Betzig,1960-01-13
2014,Chemistry,Stefan W. Hell,1962-12-23
2014,Chemistry,William E. Moerner,1953-06-24
2014,Economics,Jean Tirole,1953-08-09
2014,Literature,Patrick Modiano,1945-07-30
2014,Medicine,Edvard I. Moser,1962-04-27
2014,Medicine,John O'Keefe,1939-11-18
2014,Medicine,May-Britt Moser,1963-01-04
2014,Peace,Kailash Satyarthi,1954-01-11
2014,Peace,Malala Yousafzai,1997-07-12
2014,Physics,Hiroshi Amano,1960-09-11
2014,Physics,Isamu Akasaki,1929-01-30
2014,Physics,Shuji Nakamura,1954-05-22
2015,Chemistry,Aziz Sancar,1946-09-08
2015,Chemistry,Paul Modrich,1946-06-13
2015,Chemistry,Tomas Lindahl,1938-01-28
2015,Economics,Angus Deaton,1945-10-19
2015,Literature,Svetlana Alexievich,1948-05-31
2015,Medicine,Satoshi Ōmura,1935-07-12
2015,Medicine,William C. Campbell,1930-06-28
2015,Medicine,Youyou Tu,1930-12-30
2015,Peace,National Dialogue Quartet,
2015,Physics,Arthur B. McDonald,1943-08-29
2015,Physics,Takaaki Kajita,1959-03-09
2016,Chemistry,Bernard L. Feringa,1951-05-18
2016,Chemistry,Jean-Pierre Sauvage,1944-10-21
2016,Chemistry,Sir J. Fraser Stoddart,1942-05-24
2016,Economics,Bengt Holmström,1949-04-18
2016,Economics,Oliver Hart,1948-10-09
2016,Literature,Bob Dylan,1941-05-24
2016,Medicine,Yoshinori Ohsumi,1945-02-09
2016,Peace,Juan Manuel Santos,1951-08-10
2016,Physics,David J. Thouless,1934-09-21
2016,Physics,F. Duncan M. Haldane,1951-09-14
2016,Physics,J. Michael Kosterlitz,1943-06-22
2017,Chemistry,Jacques Dubochet,1942-06-08
2017,Chemistry,Joachim Frank,1940-09-12
2017,Chemistry,Richard Henderson,1945-07-19
2017,Economics,Richard H. Thaler,1945-09-12
2017,Literature,Kazuo Ishiguro,1954-11-08
2017,Medicine,Jeffrey C. Hall,1945-05-03
2017,Medicine,Michael Rosbash,1944-03-07
2017,Medicine,Michael W. Young,1949-03-28
2017,Peace,International Campaign to Abolish Nuclear Weapons,
2017,Physics,Barry C. Barish,1936-01-27
2017,Physics,Kip S. Thorne,1940-06-01
2017,Physics,Rainer Weiss,1932-09-29
2018,Chemistry,Frances H. Arnold,1956-07-25
2018,Chemistry,George P. Smith,1941-03-10
2018,Chemistry,Sir Gregory P. Winter,1951-04-14
2018,Economics,Paul M. Romer,
2018,Economics,William D. Nordhaus,1941-05-31
2018,Literature,Olga Tokarczuk,1962-01-29
2018,Medicine,James P. Allison,1948-08-07
2018,Medicine,Tasuku Honjo,1942-01-27
2018,Peace,Denis Mukwege,1955-03-01
2018,Peace,Nadia Murad,
2018,Physics,Arthur Ashkin,1922-09-02
2018,Physics,Donna Strickland,1959-05-27
2018,Physics,Gérard Mourou,1944-06-22
2019,Chemistry,Akira Yoshino,1948-01-30
2019,Chemistry,John Goodenough,1922-07-25
2019,Chemistry,M. Stanley Whittingham,1941-12-22
2019,Economics,Abhijit Banerjee,1961-02-21
2019,Economics,Esther Duflo,1972-10-25
2019,Economics,Michael Kremer,1964-11-12
2019,Literature,Peter Handke,1942-12-06
2019,Medicine,Gregg Semenza,1956-07-12
2019,Medicine,Peter Ratcliffe,1954-05-14
2019,Medicine,William Kaelin,1957-11-23
2019,Peace,Abiy Ahmed Ali,1976-08-15
2019,Physics,Didier Queloz,1966-02-23
2019,Physics,James Peebles,1935-04-25
2019,Physics,Michel Mayor,1942-01-12
2020,Chemistry,Emmanuelle Charpentier,1968-12-11
2020,Chemistry,Jennifer A. Doudna,1964-02-19
2020,Economics,Paul Milgrom,1948-04-20
2020,Economics,Robert Wilson,1937-05-16
2020,Literature,Louise Glück,1943-04-22
2020,Medicine,Charles Rice,1952-08-25
2020,Medicine,Harvey Alter,1935-09-12
2020,Medicine,Michael Houghton,
2020,Peace,World Food Programme,
2020,Physics,Andrea Ghez,1965-06-16
2020,Physics,Reinhard Genzel,1952-03-24
2020,Physics,Roger Penrose,1931-08-08
2021,Chemistry,Benjamin List,1968-01-11
2021,Chemistry,David MacMillan,1968-03-16
2021,Economics,David Card,
2021,Economics,Guido Imbens,1963-09-03
2021,Economics,Joshua Angrist,1960-09-18
2021,Literature,Abdulrazak Gurnah,
2021,Medicine,Ardem Patapoutian,
2021,Medicine,David Julius,1955-11-04
2021,Peace,Dmitry Muratov,
2021,Peace,Maria Ressa,1963-10-02
2021,Physics,Giorgio Parisi,1948-08-04
2021,Physics,Klaus Hasselmann,1931-10-25
2021,Physics,Syukuro Manabe,1931-09-21
2022,Chemistry,Barry Sharpless,1941-04-28
2022,Chemistry,Carolyn Bertozzi,1966-10-10
2022,Chemistry,Morten Meldal,
2022,Economics,Ben Bernanke,1953-12-13
2022,Economics,Douglas Diamond,1953-10-25
2022,Economics,Philip Dybvig,1955-05-22
2022,Literature,Annie Ernaux,1940-09-01
2022,Medicine,Svante Pääbo,1955-04-20
2022,Peace,Ales Bialiatski,1962-09-25
2022,Peace,Center for Civil Liberties,
2022,Peace,Memorial,
2022,Physics,Alain Aspect,1947-06-15
2022,Physics,Anton Zeilinger,1945-05-20
2022,Physics,John Clauser,1942-12-01
2023,Chemistry,Aleksey Yekimov,
2023,Chemistry,Louis Brus,
2023,Chemistry,Moungi Bawendi,
2023,Economics,Claudia Goldin,
2023,Literature,Jon Fosse,1959-09-29
2023,Medicine,Drew Weissman,1959-09-07
2023,Medicine,Katalin Karikó,1955-01-17
2023,Peace,Narges Mohammadi,1972-04-21
2023,Physics,Anne L’Huillier,1958-08-16
2023,Physics,Ferenc Krausz,1962-05-17
2023,Physics,Pierre Agostini,1941-07-23
